title,company,location,salary,posted,source,badge,url,first_seen
"Graduate / Junior Developer, Python, JavaScript, PHP - London",Noir,"London, UK",,1 day ago,LinkedIn UK,strong,https://uk.linkedin.com/jobs/junior-python-jobs,2026-09-22 00:57 UTC
Graduate/Junior Fullstack Developer (Disruptive Startup),Ernest Gordon Recruitment,"Southampton, UK",,5 days ago,LinkedIn UK,strong,https://uk.linkedin.com/jobs/junior-developer-jobs,2026-09-22 00:57 UTC
Graduate/Junior Machine Learning Engineer,IT Graduate Recruitment,"London, UK",,19 hours ago,LinkedIn UK,strong,https://uk.linkedin.com/jobs/python-jobs,2026-09-22 00:57 UTC
Graduate/Junior Machine Learning Engineer,Erasmus International,"City of London, UK",,2 days ago,LinkedIn UK,strong,https://uk.linkedin.com/jobs/python-jobs,2026-09-22 00:57 UTC
"Graduate / Junior Developer, Python, Linux, C#, Java - London",Noir,"London, UK",,4 days ago,LinkedIn UK,strong,https://uk.linkedin.com/jobs/junior-developer-jobs,2026-09-22 00:57 UTC
Graduate/Junior Software Developer,Erasmus International,"Scotland, UK",,3 weeks ago,LinkedIn UK,strong,https://uk.linkedin.com/jobs/junior-developer-jobs,2026-09-22 00:57 UTC
Junior Software Developer - Python - GenAI Start-Up,Hammond Consulting,"Southampton, UK",,1 month ago,LinkedIn UK,strong,https://uk.linkedin.com/jobs/junior-developer-jobs,2026-09-22 00:57 UTC
Graduate/Junior Software Developer £50-60k + Bonus,IT Graduate Recruitment,"London, UK","£50,000 - £60,000 + bonus",19 hours ago,LinkedIn UK,strong,https://uk.linkedin.com/jobs/python-jobs,2026-09-22 00:57 UTC
Graduate Software Engineer / Developer Python / C / C++ / Java,Robustelli,"Southampton, UK",,4 days ago,LinkedIn UK,strong,https://uk.linkedin.com/jobs/junior-django-developer-jobs,2026-09-22 00:57 UTC
Fullstack Engineer - Mid Level - Actions Team,Staffbase,"Berlin, Germany (London office available)",,recently,Arbeitnow,strong,https://www.arbeitnow.com/jobs/fullstack-engineer-mid-level-actions-team-berlin-brandenburg-chemnitz-sachsen-dresden-sachsen-95298,2026-09-22 00:57 UTC
Junior Back-end Software Engineer,Alma Economics,"London, UK",,4 weeks ago,LinkedIn UK,strong,https://uk.linkedin.com/jobs/junior-django-developer-jobs,2026-09-22 00:57 UTC
Trainee Front-end Developer,Xigen,"Bedford, UK",,6 days ago,LinkedIn UK,strong,https://uk.linkedin.com/jobs/junior-developer-jobs,2026-09-22 00:57 UTC
Junior Full Stack Software Engineer (Typescript),Verisian,"London, UK",,1 week ago,LinkedIn UK,strong,https://uk.linkedin.com/jobs/junior-developer-jobs,2026-09-22 00:57 UTC
"Junior Full Stack Developer - Python, React",Infused Solutions,"London, UK",,4 weeks ago,LinkedIn UK,strong,https://uk.linkedin.com/jobs/junior-developer-jobs,2026-09-22 00:57 UTC
Graduate Software Developer,TipTopJob,"London, UK",,3 days ago,LinkedIn UK,strong,https://uk.linkedin.com/jobs/python-jobs,2026-09-22 00:57 UTC
Graduate Software Developer,City Science,United Kingdom,,2 days ago,LinkedIn UK,strong,https://uk.linkedin.com/jobs/python-jobs,2026-09-22 00:57 UTC
"Graduate Software Engineer, Modelling",Runna,"London, UK",,5 days ago,LinkedIn UK,strong,https://uk.linkedin.com/jobs/python-jobs,2026-09-22 00:57 UTC
ML Engineer (AI training project),Micro1,"Remote, Worldwide",,recently,Python.org Jobs,strong,https://www.python.org/jobs/8136/,2026-09-22 00:57 UTC
Junior- Mid-level Software Engineer (Python or Java),Better Placed Ltd,"Manchester, UK",,2 weeks ago,LinkedIn UK,strong,https://uk.linkedin.com/jobs/junior-django-developer-jobs,2026-09-22 00:57 UTC
Remote Junior Django/React Developer,Pearson Carter,"Gayton, UK (Remote)","£30,000",1 week ago,LinkedIn UK,strong,https://uk.linkedin.com/jobs/junior-django-developer-jobs,2026-09-22 00:57 UTC
Junior Fullstack Developer,In Technology Group,"Sheffield, UK",,2 weeks ago,LinkedIn UK,strong,https://uk.linkedin.com/jobs/junior-django-developer-jobs,2026-09-22 00:57 UTC
Junior Full-stack Developer,Connexa IT Recruitment,"Preston, UK",,6 days ago,LinkedIn UK,strong,https://uk.linkedin.com/jobs/junior-django-developer-jobs,2026-09-22 00:57 UTC
"Junior Full-Stack Developer (Remote, UK)",Bookwhen Ltd,United Kingdom (Remote),,3 weeks ago,LinkedIn UK,strong,https://uk.linkedin.com/jobs/junior-developer-jobs,2026-09-22 00:57 UTC
Junior Software Engineer,PhysicsX,"London, UK",,4 weeks ago,LinkedIn UK,strong,https://uk.linkedin.com/jobs/junior-developer-jobs,2026-09-22 00:57 UTC
Junior Data Scientist,BIP UK/US,"Greater London, UK",,3 weeks ago,LinkedIn UK,strong,https://uk.linkedin.com/jobs/junior-python-jobs,2026-09-22 00:57 UTC
Full Stack Developer (React / Django),Intellect UK Group Limited,"Little London, UK",,4 days ago,LinkedIn UK,good,https://uk.linkedin.com/jobs/junior-django-developer-jobs,2026-09-22 00:57 UTC
Django Developer,The Developer Society,"Birmingham, UK",,recently,Python.org Jobs,good,https://www.python.org/jobs/8137/,2026-09-22 00:57 UTC
"Python Developer (Junior) - £60,000 base",Orbis,"Birmingham, UK","£60,000 base",10 hours ago,LinkedIn UK,good,https://uk.linkedin.com/jobs/junior-django-developer-jobs,2026-09-22 00:57 UTC
Junior Python Developer,BES Group,"Warrington, UK",,1 week ago,LinkedIn UK,good,https://uk.linkedin.com/jobs/junior-django-developer-jobs,2026-09-22 00:57 UTC
Junior - mid Python Developer,Opus Recruitment Solutions,"London, UK",,3 weeks ago,LinkedIn UK,good,https://uk.linkedin.com/jobs/junior-django-developer-jobs,2026-09-22 00:57 UTC
Junior Python Developer (Band 4/HEO),Health and Safety Executive,"Buxton, UK",,6 days ago,LinkedIn UK,good,https://uk.linkedin.com/jobs/junior-django-developer-jobs,2026-09-22 00:57 UTC
Junior Python Developer,Jobs via eFinancialCareers,"London, UK",,1 day ago,LinkedIn UK,good,https://uk.linkedin.com/jobs/junior-django-developer-jobs,2026-09-22 00:57 UTC
Junior Full Stack Developer,Nourish Care,"Bournemouth, UK",,4 weeks ago,LinkedIn UK,good,https://uk.linkedin.com/jobs/junior-django-developer-jobs,2026-09-22 00:57 UTC
Junior Full Stack Developer,Mercury,"Warwickshire, UK",,1 week ago,LinkedIn UK,good,https://uk.linkedin.com/jobs/junior-django-developer-jobs,2026-09-22 00:57 UTC
Junior Odoo Python Developer,InterQuest Group,United Kingdom (Remote),,3 days ago,LinkedIn UK,good,https://uk.linkedin.com/jobs/junior-django-developer-jobs,2026-09-22 00:57 UTC
Junior / Mid Level Full Stack Engineer - Health Tech,Oho Group Ltd,"London, UK",,3 hours ago,LinkedIn UK,good,https://uk.linkedin.com/jobs/junior-django-developer-jobs,2026-09-22 00:57 UTC
Junior Python Developer – Elite Fintech Firm (up to £80K + Bonus + Hybrid),Hunter Bond,"London, UK","up to £80,000 + bonus",1 week ago,LinkedIn UK,good,https://uk.linkedin.com/jobs/python-developer-jobs,2026-09-22 00:57 UTC
"Junior Python developer - Up to £100,000 + Bonus",Hunter Bond,"Greater London, UK","up to £100,000 + bonus",1 week ago,LinkedIn UK,good,https://uk.linkedin.com/jobs/junior-developer-jobs,2026-09-22 00:57 UTC
"Junior Software Developer, PHP, HTML, CSS",Beautyk Creative,"Oxford, UK",,2 weeks ago,LinkedIn UK,good,https://uk.linkedin.com/jobs/junior-developer-jobs,2026-09-22 00:57 UTC
"Junior Software Developer SQL, HTML, CSS",Connexa IT Recruitment,"Blackpool, UK",,3 days ago,LinkedIn UK,good,https://uk.linkedin.com/jobs/junior-developer-jobs,2026-09-22 00:57 UTC
Junior Web Developer,Newsquest Media Group,"Wideopen, UK",,1 week ago,LinkedIn UK,good,https://uk.linkedin.com/jobs/junior-developer-jobs,2026-09-22 00:57 UTC
Junior Software Developer,Allegiance Technology,"London, UK",,1 week ago,LinkedIn UK,good,https://uk.linkedin.com/jobs/junior-developer-jobs,2026-09-22 00:57 UTC
Junior Web Developer,Oliver Bernard,"London, UK",,3 weeks ago,LinkedIn UK,good,https://uk.linkedin.com/jobs/junior-developer-jobs,2026-09-22 00:57 UTC
Junior Software Engineer,Klickstarters,"Birmingham, UK",,1 week ago,LinkedIn UK,good,https://uk.linkedin.com/jobs/junior-developer-jobs,2026-09-22 00:57 UTC
Junior Software Developer,Pepper Mill,"London, UK",,3 weeks ago,LinkedIn UK,good,https://uk.linkedin.com/jobs/junior-developer-jobs,2026-09-22 00:57 UTC
Junior Web Developer,Premier Group Recruitment,"Reading, UK",,5 days ago,LinkedIn UK,good,https://uk.linkedin.com/jobs/junior-developer-jobs,2026-09-22 00:57 UTC
Junior Full Stack Engineer,DrDoctor,"London, UK","£39,000 - £54,000",1 day ago,LinkedIn UK,good,https://uk.linkedin.com/jobs/python-jobs,2026-09-22 00:57 UTC
Junior Python Developer,Austin Fraser,"Reading, UK",,3 weeks ago,LinkedIn UK,good,https://uk.linkedin.com/jobs/python-jobs,2026-09-22 00:57 UTC
Junior Data Analyst,Intellect Group,"London, UK",,1 day ago,LinkedIn UK,good,https://uk.linkedin.com/jobs/junior-python-jobs,2026-09-22 00:57 UTC
Junior Data Engineer,LDMS,"Cardiff, Wales, UK",,5 days ago,LinkedIn UK,good,https://uk.linkedin.com/jobs/junior-python-jobs,2026-09-22 00:57 UTC
Junior Software Engineer,Zonal,"Bristol, UK",,3 weeks ago,LinkedIn UK,good,https://uk.linkedin.com/jobs/junior-python-jobs,2026-09-22 00:57 UTC
Junior Software Developer,Oscar Technology,"Leicester, UK",,1 day ago,LinkedIn UK,good,https://uk.linkedin.com/jobs/junior-python-jobs,2026-09-22 00:57 UTC
Junior Full Stack Engineer (DrDoctor),DrDoctor,"London, UK","£39,000 - £54,000",5 days ago,LinkedIn UK,good,https://uk.linkedin.com/jobs/junior-software-engineer-jobs-london,2026-09-22 00:57 UTC
Python Software Engineer - No financial experience required,Saragossa,"London, UK",,2 weeks ago,LinkedIn UK,good,https://uk.linkedin.com/jobs/junior-django-developer-jobs,2026-09-22 00:57 UTC
Python Developer,Satalia,United Kingdom,,1 week ago,LinkedIn UK,good,https://uk.linkedin.com/jobs/python-developer-jobs,2026-09-22 00:57 UTC
Python Developer,MindPal,"Birmingham, UK",,6 days ago,LinkedIn UK,good,https://uk.linkedin.com/jobs/python-jobs,2026-09-22 00:57 UTC
Software Engineer (Python),Aegiq,"Sheffield, UK",,2 weeks ago,LinkedIn UK,good,https://uk.linkedin.com/jobs/python-jobs,2026-09-22 00:57 UTC
Junior Developer,This is Beyond Ltd,"Hammersmith, London, UK",,3 weeks ago,LinkedIn UK,other,https://uk.linkedin.com/jobs/junior-developer-jobs,2026-09-22 00:57 UTC
Python Developer,Amicus,"England, UK",,4 days ago,LinkedIn UK,other,https://uk.linkedin.com/jobs/python-developer-jobs,2026-09-22 00:57 UTC
Python Developer,Creditsafe,"Cardiff, Wales, UK",,5 days ago,LinkedIn UK,other,https://uk.linkedin.com/jobs/python-developer-jobs,2026-09-22 00:57 UTC
Python Developer,hubbado,"London, UK",,22 hours ago,LinkedIn UK,other,https://uk.linkedin.com/jobs/python-developer-jobs,2026-09-22 00:57 UTC
Python Developer,Cambrian Robotics,"London, UK",,3 weeks ago,LinkedIn UK,other,https://uk.linkedin.com/jobs/python-developer-jobs,2026-09-22 00:57 UTC
Python Developer,hireful,"Leeds, UK",,1 hour ago,LinkedIn UK,other,https://uk.linkedin.com/jobs/python-jobs,2026-09-22 00:57 UTC
Marketing Data Science Manager,Mozilla,"Remote (Canada, UK)",,recently,Jobicy,other,https://jobicy.com/jobs/153828-marketing-data-science-manager,2026-09-22 00:57 UTC
